{"__type__":"cc.AnimationClip","_name":"light","_duration":0.3333333333333333,"speed":0.1,"wrapMode":"2","curveData":{"props":{"angle":[{"frame":0,"value":0},{"frame":0.16666666666666666,"value":-180},{"frame":0.3333333333333333,"value":-360}]}}}